20260804000000_initialize_system_metadata	de65aeab31e4f5400940fd024a67ac098a8d12abffce2737f52fd1383f86fd90	2026-09-15 09:21:57.410	2026-09-15 09:21:57.410	0
20260804030000_create_tenant_foundation	b600c1c7816341b364a29ebada182aa328b6e2e0453ea8d199dc0bec9e86cc54	2026-09-15 09:21:57.410	2026-09-15 09:21:57.410	0
20260804060000_create_authentication_and_authorization	1ad9be7155a4eebe81850f4011f93b78ea84644dd311afb905a000b0bdf832fc	2026-09-15 09:21:57.410	2026-09-15 09:21:57.410	0
20260804120000_create_platform_administration_and_commercial_management	56c15c2b33d27d317bad92247ed461bfe811b9394b1e45e1c8fb96a7c2805f88	2026-09-15 09:21:57.410	2026-09-15 09:21:57.410	0
20260805000000_add_business_profile	853706a13ecd73873648cee4dd7b2844afb02cc8ea6680306e39b226c2f5e231	2026-09-15 09:21:57.410	2026-09-15 09:21:57.410	0
20260805010000_add_tenant_branding_and_terminology	c9dea37c449f3550e3af006579d6cda91ca8dac15dc8770460ec7ce594fce505	2026-09-15 09:21:57.410	2026-09-15 09:21:57.410	0
20260805020000_add_tenant_feature_overrides	7e93d4413ec7f30c728979916f1adc4bb8c1ab01f920a1e770adeb629e5d1a31	2026-09-15 09:21:57.410	2026-09-15 09:21:57.410	0
20260805030000_add_tenant_custom_fields	a39a0d58388c36c5be5fdd1b4301314b4a9be14d925def1c70c585598c1c965b	2026-09-15 09:21:57.410	2026-09-15 09:21:57.410	0
20260805040000_add_services	54920bb72b9f69a9dcbc9dbb37f017353ed1f2d3973c02bcdf4665659375c029	2026-09-15 09:21:57.410	2026-09-15 09:21:57.410	0
20260805050000_add_service_categories	f3e1a8b219bf39156f42bfe8abd7b605ed556d6588275ee5b02ca58ebabc91ea	2026-09-15 09:21:57.410	2026-09-15 09:21:57.410	0
20260805060000_add_professionals	64eb1286944a84f7c61251ad7423bdd41ac2381a72a28f3d37e2e835f00c2c62	2026-09-15 09:21:57.410	2026-09-15 09:21:57.410	0
20260805070000_add_professional_services	60a8578175b76a74d5f8e3f96efb5d6e1f3d50a3bfe19f52cbfa1f33064d98f9	2026-09-15 09:21:57.410	2026-09-15 09:21:57.410	0
20260805080000_add_professional_work_schedules	2cbfee8dc17ecadefe9a50cd14413667eed7b5137c08d4c27155b31d87c86a3b	2026-09-15 09:21:57.410	2026-09-15 09:21:57.410	0
20260805090000_add_professional_unavailabilities	f59a335318867bab93076b0ebb350d380ba9dd9a44f3d4d67ff3a1742ed1718d	2026-09-15 09:21:57.410	2026-09-15 09:21:57.410	0
20260805100000_add_customers	59c48cbe3ee62756cc6362cf0073fea8adac91ce29dde5b7fc743dc21e4a1ad4	2026-09-15 09:21:57.410	2026-09-15 09:21:57.410	0
20260805110000_add_availability_lead_times	cfd7508d4d7ce81098722637d3874c6d001a07edf0d070695e65be2bb1b50568	2026-09-15 09:21:57.410	2026-09-15 09:21:57.410	0
20260805120000_add_appointments	6a592ae4fa6b0b2cba676efa68c3dcfc6933d168ecc1e33bc6beb9496d6d147c	2026-09-15 09:21:57.410	2026-09-15 09:21:57.410	0
20260805130000_add_tenant_white_label	ada809b61c96c8894daa6385a2d692f584f4339fe35cf29efa6c7d82a5ff4918	2026-09-15 09:21:57.410	2026-09-15 09:21:57.410	0
20260806160000_add_professional_commission	5c94410ba4fb30ea99f31557a2196376245917aa9078d473159150849dbb078c	2026-09-15 09:21:57.410	2026-09-15 09:21:57.410	0
20260808000000_add_professional_units	1327ffc0b850115d7ffd55eb15966a27cfa760baa358c6c7b174a5062f04879d	2026-09-15 09:21:57.410	2026-09-15 09:21:57.410	0
20260808010000_add_service_variations	c0edd193125fec2846794a588a160fbcc495552cf37ea47ac23bb972e8505c8d	2026-09-15 09:21:57.410	2026-09-15 09:21:57.410	0
20260808020000_add_combos	8b194c1eb16657e8164a7d80e9032f42211496857b23e75ed64fa7d6aa4c8a6c	2026-09-15 09:21:57.410	2026-09-15 09:21:57.410	0
20260808030000_add_business_unit_operating_hours	1091e3613374640e856ae750aefcfeb9c3dba2fed843d5ca2a4d9119176117a0	2026-09-15 09:21:57.410	2026-09-15 09:21:57.410	0
20260808230000_add_notification_logs	3b7d2d0a4b059f11e105e4eb602a096efec4676533cb602e835ac863ff3a6bd4	2026-09-15 09:21:57.410	2026-09-15 09:21:57.410	0
20260808233000_add_notification_queue_support	bba02029cff748b27baced4c5b818d7b936ff2a004cdf7f685b59d34bb0c437d	2026-09-15 09:21:57.410	2026-09-15 09:21:57.410	0
20260808234000_add_notification_templates	ec937e34802c3474dfa25bdd2a373ad083a61ce8b4e8b9fe934906122a0659f7	2026-09-15 09:21:57.410	2026-09-15 09:21:57.410	0
20260808235000_add_push_subscriptions	8e5fe0b76444579a57860f5eda003d0e1e4c19de506ae92b1f64f54e5c78e532	2026-09-15 09:21:57.410	2026-09-15 09:21:57.410	0
20260809000000_add_business_unit_date_overrides	8e5b2dabc0b90752f07facb51471fa11bc2e9fd4f34a623becf7218b093d896e	2026-09-15 09:21:57.410	2026-09-15 09:21:57.410	0
20260809004352_add_payments	4b423df8c4b730058bbc053d3bac37d85bc419643f7bc1d6b23a43d755fa4eaa	2026-09-15 09:21:57.410	2026-09-15 09:21:57.410	0
20260809010000_add_products_and_stock	d9a3db6e0ee50911cfc35bc1732c87fbe856821414f11e3fdc0a33d04719e544	2026-09-15 09:21:57.410	2026-09-15 09:21:57.410	0
20260809012032_add_payment_methods_and_deposits	07f0c2a15d29243b9a4db10503eea893b01065c989f666ee551a459c4516a966	2026-09-15 09:21:57.410	2026-09-15 09:21:57.410	0
20260809015741_add_cash_registers_and_receipts	18b34a2c8b2648b5c6b52d8a9fea5eabbe3b8d3969f16491a7ff2fd45bbe1358	2026-09-15 09:21:57.410	2026-09-15 09:21:57.410	0
20260809020000_add_stock_movements	38e20b5471db5c9056b89e598a7edecb813bfbde97b55833a21010354674f234	2026-09-15 09:21:57.410	2026-09-15 09:21:57.410	0
20260809022334_add_professional_commissions	3b702ff067e6bf2dfb9a290bbac577c2681415c6a434013c14d0fca5856b0fd1	2026-09-15 09:21:57.410	2026-09-15 09:21:57.410	0
20260809030000_add_tenant_automations	4912f29844988bc4b93140cc2d832c59e13953afe59fcd15b3d30db1f5ec1332	2026-09-15 09:21:57.410	2026-09-15 09:21:57.410	0
20260809031258_add_financial_closings	8de06087ada53933c2877313e3455680f877df9898ce06ca3621666179dfdfcb	2026-09-15 09:21:57.410	2026-09-15 09:21:57.410	0
20260809040000_add_customer_recovery	f5943aed7d4dfa309abc68394b7617a5f4313f14d34ebe12c46590900c5dbefc	2026-09-15 09:21:57.410	2026-09-15 09:21:57.410	0
20260809040237_add_payment_gateway_architecture	ad079e09772c82237780412da4fad20bfcc3f02ecc9b1d8da2b73569f5c8555a	2026-09-15 09:21:57.410	2026-09-15 09:21:57.410	0
20260809044639_add_tenant_payment_methods	8abd4d983979127a6d53e34de6805368791b2b90954629a426b9dbc89f62a8ac	2026-09-15 09:21:57.410	2026-09-15 09:21:57.410	0
20260809050000_add_membership_unit_scope	8099e0e8514ef1efc5ec3bf5ac57e150bcb3f89f73dbaa20cd430b55c1c8f189	2026-09-15 09:21:57.410	2026-09-15 09:21:57.410	0
20260809060000_add_tenant_domains	ab3d0236134c5374b76423eff9e2baf4230f4e921e0682ed7ce23dc63c116dc8	2026-09-15 09:21:57.410	2026-09-15 09:21:57.410	0
20260809070000_add_whatsapp_and_external_integrations	36a370a0d457c78334842ebf76ca738b4a49a9dcd3fd09de51c8786aeb74d428	2026-09-15 09:21:57.410	2026-09-15 09:21:57.410	0
20260809080000_add_appointment_waitlist	cadba899f2606d38c91ca5183c6ad8d159e348d1e71d429c7700159f71a71cf8	2026-09-15 09:21:57.410	2026-09-15 09:21:57.410	0
20260809090000_add_product_sales	d2d24489ebed9e20885041284999406fec5a86aa09289ab19ae88b2a01818bce	2026-09-15 09:21:57.410	2026-09-15 09:21:57.410	0
20260810000000_add_appointment_protocol_history_fit_in	215eb28cfd4925e8e407f4243d132b7de79c4181a45297eb062cc094d45b60f1	2026-09-15 09:21:57.410	2026-09-15 09:21:57.410	0
20260811000000_add_customer_authentication	97cf276a8f8ca28d49014d5b6e8eef3beb749744af8788e45f1eebef0afd014e	2026-09-15 09:21:57.410	2026-09-15 09:21:57.410	0
20260812000000_add_customer_favorites_and_reviews	1f61e148a6aa024aeb2cb711d6cc8e0c4d798c1db578f94c25f0934881284e02	2026-09-15 09:21:57.410	2026-09-15 09:21:57.410	0
20260813000000_add_professional_user_link	0b035006d3843c16e810083a55f847c04a3f3813eb0ade1e711e566d3dca2c55	2026-09-15 09:21:57.410	2026-09-15 09:21:57.410	0
20260814000000_add_appointment_checkin	2c950bea703902d831dab3fbbada31518cd43fe373df97ecfdc3c90a8fe7d425	2026-09-15 09:21:57.410	2026-09-15 09:21:57.410	0
20260814090000_add_platform_subscription_billing	0e0245d4176faec0b3da40b2a1ef5831c117dfe79243b2e944684732affc1a1d	2026-09-15 09:21:57.410	2026-09-15 09:21:57.410	0
20260815000000_add_coupons	6f9ac77fdcd5cc2eac1f17b4a41e5556b131f1c609ca1c553842a5b6ad4bb88f	2026-09-15 09:21:57.410	2026-09-15 09:21:57.410	0
20260815000000_add_notification_campaigns	858ac94a3cd1ba65128788c1108a21c271546a40f5a6c19abca5e543ce8ae670	2026-09-15 09:21:57.410	2026-09-15 09:21:57.410	0
20260815120000_add_prospecting_flows	ff38f3b48f5546e000a97608cccdf9f76e07bdbcbb7deef27d2820811587baa8	2026-09-15 09:21:57.410	2026-09-15 09:21:57.410	0
20260816000000_add_loyalty_points_and_cashback	af24fdcfc09d9ee010ae4eb54a8e7812c696288f2123429b136b0f5c28a8ea65	2026-09-15 09:21:57.410	2026-09-15 09:21:57.410	0
20260816010000_add_tenant_commercial_policy	681a890638d5861ab511210dd3b1583caed5cb4dd5b3b3108732ebb8a18aad25	2026-09-15 09:21:57.410	2026-09-15 09:21:57.410	0
20260817000000_add_plan_commercial_content	af5d9de3b4c63e87b31eab727b5949b3caeffd2627be8d86d23257ada87bb3b1	2026-09-15 09:21:57.410	2026-09-15 09:21:57.410	0
20260818000000_add_commercial_plan_period_prices	20f464d5b169e8f97b0b90df309abd52a4b9a78f5c54d20d0c430eb005b5ae04	2026-09-15 09:21:57.410	2026-09-15 09:21:57.410	0
20260819000000_add_services_plan_limit	41fb299e76d8e9232bdafd879fdcddbbe23353fc21735a70b969934634c2569d	2026-09-15 09:21:57.410	2026-09-15 09:21:57.410	0
20260819014415_add_customer_membership_models	d0ebe975c01db76f067808f654ac529985571447f8daa4e95322561d8e5f56d3	2026-09-15 09:21:57.410	2026-09-15 09:21:57.410	0
20260820000000_add_plan_billing_options	61ccd839013a75935ca69e3d77f6e4ec1a2cad2512b617b595f9eec73a226b86	2026-09-15 09:21:57.410	2026-09-15 09:21:57.410	0
20260821000000_add_plan_feature_catalog	4efe83b0a46a8859062556aad0485694beed001111b781bfc483f93cef96e59c	2026-09-15 09:21:57.410	2026-09-15 09:21:57.410	0
20260821000000_add_seo_quality_and_city_aggregates	702c64565f707c468aefebb1a15b7a03ad0264522a7215a49a569a3caeb2b523	2026-09-15 09:21:57.410	2026-09-15 09:21:57.410	0
20260821000001_add_persistent_city_aggregate_job_queue	02afc5b25e56cb8903c7d1600b7a227fd5bd19e88c7fc8e9a04d34b8be97d539	2026-09-15 09:21:57.410	2026-09-15 09:21:57.410	0
20260822000000_add_tenant_onboarding_state	ce0b9e009681ab3d348de063dbd1fe011a64ce76986befe3fe5c6d4517dd7fdb	2026-09-15 09:21:57.410	2026-09-15 09:21:57.410	0
20260823000000_add_tenant_identity_slug_lock	b32074011d45802f2cb8d014db0d98dbe1985e3051e2c065fc89e4b8d028810b	2026-09-15 09:21:57.410	2026-09-15 09:21:57.410	0
20260824_prospecting_foundation	71e106209fc68d14c6ce7e0ab85b753f437330ce2a9dc3d7796cba3df1258b72	2026-09-15 09:21:57.410	2026-09-15 09:21:57.410	0
20260824000000_repair_tenant_white_label_tables	f05f622969b0c8430f8cd34d4991fef2139cbde171b8ed168235a245555b8768	2026-09-15 09:21:57.410	2026-09-15 09:21:57.410	0
20260824001_add_platform_wapi_config	8520ec61955490070a1a16f994f426922406e562cf9914e8a8cb87b9d3fe9e81	2026-09-15 09:21:57.410	2026-09-15 09:21:57.410	0
20260825_add_prospecting_whatsapp_config	1139afd9b7f392224a4e84405e1ba6072f5cfd5d8ee354508b3da54a5cc26b34	2026-09-15 09:21:57.410	2026-09-15 09:21:57.410	0
20260825_etapa3_worker_scheduler	09353ce0dd723ce96413b9478be9f73ca67d6a6c9738925239a0b397e229d580	2026-09-15 09:21:57.410	2026-09-15 09:21:57.410	0
20260825000000_add_product_image_columns	06712a806ccd5d34a270749908b3bab1233935010a47923d3b83a32f18c02cef	2026-09-15 09:21:57.410	2026-09-15 09:21:57.410	0
20260825000001_add_needs_review_status	af8ade50a273d6d2440defdee95762cb0b48b224b9fd44f7499ad46e04fa4418	2026-09-15 09:21:57.410	2026-09-15 09:21:57.410	0
20260826000000_add_objection_engine_fields	0efd01814dec598c647f4c1c77b1d19e4f6326da49fdca1c5963c3790ebbb90e	2026-09-15 09:21:57.410	2026-09-15 09:21:57.410	0
20260826000000_add_public_layout_and_service_icon	bafb663db3eac785b4c55ee019334a761e8d1dbd52101b727b4aba8db219551d	2026-09-15 09:21:57.410	2026-09-15 09:21:57.410	0
20260826000001_add_auto_reply_fields	4c550fb09e39a622a8d144674605d9fb73069bbca73dee6f603f778869c5da63	2026-09-15 09:21:57.410	2026-09-15 09:21:57.410	0
20260826000002_add_human_lock_type	f08f61dbc9ec3b1b7fef1a55ee09a1d8cef80966279cfc94225fa9163c11a404	2026-09-15 09:21:57.410	2026-09-15 09:21:57.410	0
20260827000000_add_starter_content_marker	0a6c8e4ef1a5cc00a9f70f82b599ed99258f8f5ecfec8867c9c885bcf1f16bff	2026-09-15 09:21:57.410	2026-09-15 09:21:57.410	0
20260828000000_add_customer_reset_and_photo	257859b79dc907d006351b0479b2ad260fad9200f1cd4c6125d52c6896e7036f	2026-09-15 09:21:57.410	2026-09-15 09:21:57.410	0
20260829000000_add_tenant_pwa_publication	737149ccacfd360dc92af11698cff0af081b036d645a50d66af0a167ab818761	2026-09-15 09:21:57.410	2026-09-15 09:21:57.410	0
20260830000000_add_branding_semantic_tokens	3827a3eee758b5c9ed2184183e880c76ead4c5280894e0a22e0e50543235cdd9	2026-09-15 09:21:57.410	2026-09-15 09:21:57.410	0
20260830000012_add_directory_location_config	f00eb83318e24fb3c2a0d818b7bde370dcaa505bbbf6e74bfce65c6ac5dde6ef	2026-09-15 09:21:57.410	2026-09-15 09:21:57.410	0
20260831000000_add_business_unit_location	00bb6b731fdcd82ce7c382980532b0c1966f35604a2912a19d4b9d16da019806	2026-09-15 09:21:57.410	2026-09-15 09:21:57.410	0
20260831000012_add_directory_category_external_negative_terms	019bae1fc6d3138014b400cd053d522c584ce426a0bc189ccdb992e861e2b4c0	2026-09-15 09:21:57.410	2026-09-15 09:21:57.410	0
20260901000000_add_whatsapp_validation_and_templates	10d20ac941a93db6795faefac5f127e80000730f6619bc9bd40be2cb29d6a6d7	2026-09-15 09:21:57.410	2026-09-15 09:21:57.410	0
20260901000012_add_option_ids_to_prospecting_messages	199e0d9110fdb2d17aa2ad5933d8003e688f3a1f0fc287ed7ed5a9feef72291c	2026-09-15 09:21:57.410	2026-09-15 09:21:57.410	0
20260902000000_add_whatsapp_inbound_events	39328799ad5ec6d73ddbafac02e20d0b79d32060e0dc58b7c8d85a90523ffdbc	2026-09-15 09:21:57.410	2026-09-15 09:21:57.410	0
20260903000000_add_whatsapp_outbound_messages	e7546d4901e2a3678015fe9b5d9fc8edd5e693bbc67131c8c25a192e23e40919	2026-09-15 09:21:57.410	2026-09-15 09:21:57.410	0
20260904_combo_booking_appointments	87085fd23bfe488f0d8b93943824048582af382c8b334523d00d15f1e3cee58c	2026-09-15 09:21:57.410	2026-09-15 09:21:57.410	0
20260904000000_add_whatsapp_message_tracking	3d39ca2f4e8c99dc4454ab47f75f7bce15b052b8cf91461d9d8e95e065df9bd0	2026-09-15 09:21:57.410	2026-09-15 09:21:57.410	0
20260905000000_add_whatsapp_conversations	420525396c22348ce3df792f104f69525f55af875fc7d33aaadd63fb8b27adee	2026-09-15 09:21:57.410	2026-09-15 09:21:57.410	0
20260905000013_add_treatment_plan_labels_to_terminology	cb60cb86dbdaccca6735179940eea0a2e2682f3c7b85bc24149fb1a0ad03bd04	2026-09-15 09:21:57.410	2026-09-15 09:21:57.410	0
20260905000014_add_treatment_plan_reminder_state	4451326e4c98cab49521a6848a71df98e17cb5a4dabb7e38ec5d019bfbd69848	2026-09-15 09:21:57.410	2026-09-15 09:21:57.410	0
20260905000015_add_treatment_plan_reminder_config	b6797de790d2e69f44a580092046af2e3d4bda1b5d7df6e7f3045306dce59233	2026-09-15 09:21:57.410	2026-09-15 09:21:57.410	0
20260905095145_add_google_sub_to_user	295a603a8ac61f6f53714c02f7c461670028b609fcba046af3b38d89bcd1a0ff	2026-09-15 09:21:57.410	2026-09-15 09:21:57.410	0
20260905120000_add_google_sub_to_customer	adb53ba2ad9139a3fe99b11809c8ba4b3b67fe28fcc8385bd2025087f0b2705e	2026-09-15 09:21:57.410	2026-09-15 09:21:57.410	0
20260906000000_add_commercial_hierarchy	f8314e39a016be7f8fc72f39f3e61414078519cf66801267f436faf9320fa92d	2026-09-15 09:21:57.410	2026-09-15 09:21:57.410	0
20260906000000_add_treatment_plans	6d819b0c63168fd664f1499bfdfa5141712bb84f348e9092ed382b9dee86f989	2026-09-15 09:21:57.410	2026-09-15 09:21:57.410	0
20260907000000_add_treatment_plan_title	5cf8f4477004dbd8359791b7e64a9068dc12e290d8d6e47e6fa9d0cba6f3e9a0	2026-09-15 09:21:57.410	2026-09-15 09:21:57.410	0
20260908000000_add_whatsapp_provisioning	54455d3b978b47155c70e75714f4de51b461da62f02175aca42a76d34a31622d	2026-09-15 09:21:57.410	2026-09-15 09:21:57.410	0
20260909000000_add_commercial_whatsapp	37e58a1cdf21f2047001128ff39a8ef54c47e2b53c86edc18f9a9425777ce6a0	2026-09-15 09:21:57.410	2026-09-15 09:21:57.410	0
20260910000000_add_scheduled_subscription_change	d3208e4d3a587624feac24a8728fae20ee3a884359ad4ad3dc23f6556f506a16	2026-09-15 09:21:57.410	2026-09-15 09:21:57.410	0
20260910000000_add_subscription_plan_changes	488c1b4773515361573b17e90f09883985d687fed970b800c2dcfe094d276131	2026-09-15 09:21:57.410	2026-09-15 09:21:57.410	0
20260910000020_add_stripe_billing	e8a0b8697ebf5139646f20d09275eea5695978d77e9f644cb37b2ab8ac2157e5	2026-09-15 09:21:57.410	2026-09-15 09:21:57.410	0
20260910000021_add_stripe_catalog_mapping	5bc309d3706974884acf55b4bf2c067ad8e437bfc09e3b4e6165ad11f948f1db	2026-09-15 09:21:57.410	2026-09-15 09:21:57.410	0
20260911000000_add_public_directory	98f6af6753b53519784080f0de0a9968fda7947e840d4e71123a15c4dd09668b	2026-09-15 09:21:57.410	2026-09-15 09:21:57.410	0
20260912000000_add_directory_business_events	2a881d3dd64d6c8f57b5cb149f393f0d8046ad661e6cb6ed5f3cbf058b4b9748	2026-09-15 09:21:57.410	2026-09-15 09:21:57.410	0
20260913000000_add_attendant_step_codes	d055008df941f6c34989767a336e6a69bcb0a7d39579de9dca5baef2a87bcf91	2026-09-15 09:21:57.410	2026-09-15 09:21:57.410	0
20260913000000_add_directory_seo_operations	a7a944476ec7b1a89483f9ce05cf14c1687eed70432ae2aa9664e2405548c8fc	2026-09-15 09:21:57.410	2026-09-15 09:21:57.410	0
20260913000000_add_prospecting_flow_purpose	e4663e40b71149bc1357e6b90ace73b7d1e8715be0f81c2b598076473c9edd46	2026-09-15 09:21:57.410	2026-09-15 09:21:57.410	0
20260913000001_configure_attendant_session_timeout	972b9941607923662fe20a74671d886c93f3994ebbe6ce43031bd07e480a59c5	2026-09-15 09:21:57.410	2026-09-15 09:21:57.410	0
20260914000000_add_directory_import_heartbeat	aead3001d04604f1f5186d70dc571f97f2a6defc594d556f37de29d35595106e	2026-09-15 09:21:57.410	2026-09-15 09:21:57.410	0
20260914100000_add_directory_location_cache	89e4afaa82a875d02c7efb60aa5fb20da56974fbb0a816b38f87202862a93a1a	2026-09-15 09:21:57.410	2026-09-15 09:21:57.410	0
20260916000000_add_tenant_operating_model	14066af2a31fe2910a607fffd427852760bf7560c2eb9d05f610c747353a4a93	2026-09-15 09:21:57.410	2026-09-15 09:21:57.410	0
20260920000000_add_payment_origin_and_snapshot	8dbe6a106a75b06cc5f61e7a1508c092a3bdbfe375794c9bbb8f248ff2c50580	2026-09-15 09:21:57.410	2026-09-15 09:21:57.410	0
20260920000001_fix_payment_membership_relation	c733068a2fd203512c48b02d5825bed26855126e66d2c097078193df02de123f	2026-09-15 09:21:57.410	2026-09-15 09:21:57.410	0
20260920000002_add_active_key_for_membership_concurrency	efed8b2ac23fe1b847c861ec0556f21c5857720a1b027be740facd183ee8527f	2026-09-15 09:21:57.410	2026-09-15 09:21:57.410	0
20260921000000_add_membership_fields_to_appointment	06afe85a6014e3605c822efdfc70806b9b7f375dfa78a0a916da69303bf68774	2026-09-15 09:21:57.410	2026-09-15 09:21:57.410	0
20260921000001_add_reminder_scheduling_support	fa138060edad774f746d8417cc71ab5abc682dcdcd63e3ac5e691a3029b1ae93	2026-09-15 09:21:57.410	2026-09-15 09:21:57.410	0
20260921000002_add_whatsapp_config_to_notification_templates	c5fd73e3200b53c29c6c5cf01a6df5f89edf6c23f3b457550c4fa0c2f6a194c6	2026-09-15 09:21:57.410	2026-09-15 09:21:57.410	0
20260921000003_add_whatsapp_buttons_to_notification_logs	f09f9b81dc2d3faa440a816f4d96897a992dea4fa005a14b0f466edaad01ea13	2026-09-15 09:21:57.410	2026-09-15 09:21:57.410	0
20260921000004_add_whatsapp_assistant_config	0c8e3fefb4565653fed89d38d7fb1570075e9a32984ffbf7e270c930a564a94a	2026-09-15 09:21:57.410	2026-09-15 09:21:57.410	0
20260921000005_add_bot_cobra_collection_rule_debt	545b69dde7298dd407877bdf673dd1d0d151a1edae107e49ebae52e8951fabb7	2026-09-15 09:21:57.410	2026-09-15 09:21:57.410	0
20260921000006_add_debt_balance_sync_pending	06861ec2c67f1499013a848fc20dfa745ca7f1ee0dfad3b34fdef9a1fbada0bd	2026-09-15 09:21:57.410	2026-09-15 09:21:57.410	0
20260921000007_add_bot_cobra_collection_attempt	af686285e5451e0676bcc5f05c830b5a08b0497da2fe838170c17d0b54e0b91b	2026-09-15 09:21:57.410	2026-09-15 09:21:57.410	0
20260921000008_add_bot_cobra_attempt_execution_fields	a9035fb69bec53fc34b7e3766ee2db45d8f2450900202a91cf8c41dce59c410c	2026-09-15 09:21:57.410	2026-09-15 09:21:57.410	0
20260921000009_add_bot_cobra_payment_promise	629666c9d59c270778120cb5eed714a881452325e975465df3d3a666c48a3413	2026-09-15 09:21:57.410	2026-09-15 09:21:57.410	0
20260921000010_add_bot_cobra_debt_payment	8e7ac3abf1a62b199306c3a2a4cd7b6e259957d87154ecfd028736b02c9b6e27	2026-09-15 09:21:57.410	2026-09-15 09:21:57.410	0
20260921000011_add_collection_rule_min_minutes_between_attempts	ac6b27422be4ebc6813f2768b33e50b15b5cfb5da6d70938fc4c188ed6b5a0b8	2026-09-15 09:21:57.410	2026-09-15 09:21:57.410	0
20260921000012_fix_customer_membership_active_uniqueness	4786e5d4435221c9cff766fcd6d4bc44c088da4037df1820ee47930f6bdd08a3	2026-09-15 09:21:57.410	2026-09-15 09:21:57.410	0
20260921000013_add_commercial_wallet_and_commissions	6ea4ff1a2042c52a99e393f048d829ce2b4e4aa5ec2e603809d860408060c7fe	2026-09-15 09:21:57.410	2026-09-15 09:21:57.410	0
20260921000014_add_commercial_manual_payment	67b269821cbf0b8a1b51a65dad51b69e6c2f79bcc8d73d745c418e69c09ac71b	2026-09-15 09:21:57.410	2026-09-15 09:21:57.410	0
20260921000015_add_payment_source_to_commission	c567e75590253c1f1f655ecdf6d018df2f92d6a560a55a1e0cd9e54468b6942a	2026-09-15 09:21:57.410	2026-09-15 09:21:57.410	0
20260921000016_fix_commercial_commission_column_names	7c92c0af0412ef16509229917c4fa7c9061ecd99c4e696f0f0e26a906f06dd45	2026-09-15 09:21:57.410	2026-09-15 09:21:57.410	0
20260921000017_add_commercial_account_display_data	065a32880fd9112fd859b6f4d437e1c34fa331e19dcdb3370ca50fb3c4f446c8	2026-09-15 09:21:57.410	2026-09-15 09:21:57.410	0
20261007000000_whatsapp_provider_settings	1f445fead6df2fa782f23edabda86fe14c95d26d2709f4e5b9a383148a1f4f50	2026-09-15 09:21:57.410	2026-09-15 09:21:57.410	0
20261008000000_tenant_meta_whatsapp_webhook_credentials	b5b02101e6ee5b66dc030c499f6def66959fb65dcdfbd911430cfedb8617a370	2026-09-15 09:21:57.410	2026-09-15 09:21:57.410	0
20261009000000_add_tenant_meta_whatsapp_templates	b95b8b7987e9554868939820502073f86a475bc208cf6d048335ec7bbe0392d3	2026-09-15 09:21:57.410	2026-09-15 09:21:57.410	0
20261010000000_add_prospecting_attendant_conversations	1035983ad798ce52cb3b897760201013782c28b9f669d4e0283a2d7b5cde8c0a	2026-09-15 09:21:57.410	2026-09-15 09:21:57.410	0
20261010000001_make_prospecting_message_context_optional	5914085940cffea6029b54c3697b9e7b0cd338a7cb9891dbb68c5a8ac6d56cd0	2026-09-15 09:21:57.410	2026-09-15 09:21:57.410	0
20261010000002_reconcile_prospecting_message_conversation	ccde13c564cdda2f694d9f63289a22eed5efb23ecd07eb228ce00ec93b905e46	2026-09-15 09:21:57.410	2026-09-15 09:21:57.410	0
20261010000003_unique_active_prospecting_conversation	860202b4cdcae0749f186c8c32e217c140eb46f2f0496e0a5a31e427bf94252a	2026-09-15 09:21:57.410	2026-09-15 09:21:57.410	0
20261010000004_add_attendant_runtime_config	7b97d3f1b9976b20cb4887ac2a6db042b899ae4c55dfe8f76969ff8805e0a249	2026-09-15 09:21:57.410	2026-09-15 09:21:57.410	0
20260827152730_add_prospecting_flows	b2aed5dde22cb2ce83cac9f47a50b1ab5ca731e1dcce7f39cc856cd032a4126f	2026-09-15 12:22:18.987	2026-09-15 12:22:19.004	1
20261011000001_add_subscription_settlement_ledger	cece82f23b2929bcd0198cfc188956617c99ae9fb0be48c40e7aacdcac91d847	2026-09-15 12:22:19.007	2026-09-15 12:22:19.244	1
20261011000002_add_commercial_remittances	f1d13f7729eb2385f1f23da87960d178f7a8aa7aa48efa1b6d3f85b7a2c92f35	2026-09-15 12:22:19.248	2026-09-15 12:22:19.526	1
20260915000001_add_wapi_remote_identity_mapping	ffa0e4a8aba9ccd1ad1cf9529bd9b62d7b15f50b70a1090b70f7adef5416cdb5	2026-09-17 23:22:23.809	2026-09-17 23:22:23.809	0
20260915000002_add_prospecting_inbound_idempotency	7865764f912b7f57786b11a02bafd5d7c8bd124d41a0d89817ba6be179bd3749	2026-09-17 23:22:28.395	2026-09-17 23:22:28.395	0
20260917000001_add_whatsapp_inbound_provider_idempotency	35c4c84a82a0ab63dd75c55c86505313447a1a5ab39117d380804a52119aeb10	2026-09-17 23:22:32.886	2026-09-17 23:22:32.886	0
20260917000002_add_whatsapp_external_id_uniqueness	343e659ed78f9b9bb80edf1ff3be9516a00931f5839d324fcf5852af0d5ea7e5	2026-09-17 23:22:37.284	2026-09-17 23:22:37.284	0
